,state,eta,chi,setup,UV_HWP,QP,B_HWP,B_QWP,fidelity,n,pred_rho,actual_rho
0,E0,45.0,0.0,C0,45.0,13.107759739471968,45.0,,0.9999999999999998,0,"[[0.00000000e+00+0.j 0.00000000e+00+0.j 0.00000000e+00+0.j
  0.00000000e+00+0.j]
 [0.00000000e+00+0.j 1.00000000e+00+0.j 1.11022302e-16+0.j
  0.00000000e+00+0.j]
 [0.00000000e+00+0.j 1.11022302e-16+0.j 1.23259516e-32+0.j
  0.00000000e+00+0.j]
 [0.00000000e+00+0.j 0.00000000e+00+0.j 0.00000000e+00+0.j
  0.00000000e+00+0.j]]","[[ 3.98694913e-32+0.00000000e+00j -1.99673462e-16+1.23259516e-32j
   2.29351072e-32+2.83363818e-32j  4.11410845e-48+5.08299119e-48j]
 [-1.99673462e-16-1.23259516e-32j  1.00000000e+00+0.00000000e+00j
  -1.14863072e-16-1.41913610e-16j -2.06041825e-32-2.54565186e-32j]
 [ 2.29351072e-32-2.83363818e-32j -1.14863072e-16+1.41913610e-16j
   3.33329980e-32+0.00000000e+00j  5.97928615e-48+0.00000000e+00j]
 [ 4.11410845e-48-5.08299119e-48j -2.06041825e-32+2.54565186e-32j
   5.97928615e-48+0.00000000e+00j  1.07256668e-63+0.00000000e+00j]]"
1,E0,45.0,0.0,C1,45.0,20.189914391993955,45.0,,0.9999999999999998,0,"[[0.00000000e+00+0.j 0.00000000e+00+0.j 0.00000000e+00+0.j
  0.00000000e+00+0.j]
 [0.00000000e+00+0.j 1.00000000e+00+0.j 1.11022302e-16+0.j
  0.00000000e+00+0.j]
 [0.00000000e+00+0.j 1.11022302e-16+0.j 1.23259516e-32+0.j
  0.00000000e+00+0.j]
 [0.00000000e+00+0.j 0.00000000e+00+0.j 0.00000000e+00+0.j
  0.00000000e+00+0.j]]","[[ 3.98694913e-32+0.00000000e+00j -2.46519033e-32-1.99673462e-16j
  -1.39945259e-32+3.36618912e-32j -6.03828314e-48-2.51034350e-48j]
 [-2.46519033e-32+1.99673462e-16j  1.00000000e+00+0.00000000e+00j
  -1.68584703e-16-7.00870599e-17j  1.25722441e-32-3.02407896e-32j]
 [-1.39945259e-32-3.36618912e-32j -1.68584703e-16+7.00870599e-17j
   3.33329980e-32+0.00000000e+00j  1.82314901e-63+5.97928615e-48j]
 [-6.03828314e-48+2.51034350e-48j  1.25722441e-32+3.02407896e-32j
   1.82314901e-63-5.97928615e-48j  1.07256668e-63+0.00000000e+00j]]"
2,E0,45.0,18.0,C0,40.325617881787,32.45243475604995,45.0,,0.9997566186817279,2,"[[0.00000000e+00+0.j        0.00000000e+00+0.j
  0.00000000e+00+0.j        0.00000000e+00+0.j       ]
 [0.00000000e+00+0.j        9.75528258e-01+0.j
  8.67361738e-17+0.1545085j 0.00000000e+00+0.j       ]
 [0.00000000e+00+0.j        8.67361738e-17-0.1545085j
  2.44717419e-02+0.j        0.00000000e+00+0.j       ]
 [0.00000000e+00+0.j        0.00000000e+00+0.j
  0.00000000e+00+0.j        0.00000000e+00+0.j       ]]","[[ 3.89860801e-32+0.00000000e+00j -1.95249182e-16+0.00000000e+00j
  -2.64492661e-18-2.92718521e-17j -4.74447965e-34-5.25079621e-33j]
 [-1.95249182e-16+0.00000000e+00j  9.77842426e-01+0.00000000e+00j
   1.32462601e-02+1.46598611e-01j  2.37611929e-18+2.62969158e-17j]
 [-2.64492661e-18+2.92718521e-17j  1.32462601e-02-1.46598611e-01j
   2.21575741e-02+0.00000000e+00j  3.97463427e-18+0.00000000e+00j]
 [-4.74447965e-34+5.25079621e-33j  2.37611929e-18-2.62969158e-17j
   3.97463427e-18+0.00000000e+00j  7.12971442e-34+0.00000000e+00j]]"
3,E0,45.0,18.0,C1,40.0858742738743,38.29887625941679,44.99917421583881,,0.9999993834617049,2,"[[0.00000000e+00+0.j        0.00000000e+00+0.j
  0.00000000e+00+0.j        0.00000000e+00+0.j       ]
 [0.00000000e+00+0.j        9.75528258e-01+0.j
  8.67361738e-17+0.1545085j 0.00000000e+00+0.j       ]
 [0.00000000e+00+0.j        8.67361738e-17-0.1545085j
  2.44717419e-02+0.j        0.00000000e+00+0.j       ]
 [0.00000000e+00+0.j        0.00000000e+00+0.j
  0.00000000e+00+0.j        0.00000000e+00+0.j       ]]","[[ 8.10560385e-10+0.00000000e+00j -5.10659144e-21-2.81197505e-05j
   4.45415560e-06-2.27191996e-08j  6.54887860e-13+1.28392394e-10j]
 [-5.10659144e-21+2.81197505e-05j  9.75523083e-01+0.00000000e+00j
   7.88168576e-04+1.54522410e-01j -4.45415560e-06+2.27191996e-08j]
 [ 4.45415560e-06+2.27191996e-08j  7.88168576e-04-1.54522410e-01j
   2.44769158e-02+0.00000000e+00j  1.06387322e-22+7.05554564e-07j]
 [ 6.54887860e-13-1.28392394e-10j -4.45415560e-06-2.27191996e-08j
   1.06387322e-22-7.05554564e-07j  2.03378255e-11+0.00000000e+00j]]"
4,E0,45.0,36.0,C0,35.319692011068646,32.80847131578413,45.0,,0.9999862910722108,17,"[[0.00000000e+00+0.j         0.00000000e+00+0.j
  0.00000000e+00+0.j         0.00000000e+00+0.j        ]
 [0.00000000e+00+0.j         9.04508497e-01+0.j
  6.93889390e-17+0.29389263j 0.00000000e+00+0.j        ]
 [0.00000000e+00+0.j         6.93889390e-17-0.29389263j
  9.54915028e-02+0.j         0.00000000e+00+0.j        ]
 [0.00000000e+00+0.j         0.00000000e+00+0.j
  0.00000000e+00+0.j         0.00000000e+00+0.j        ]]","[[ 3.61389560e-32+0.00000000e+00j -1.80990281e-16+1.96126790e-34j
   3.39756830e-19-5.81494508e-17j  6.09457124e-35-1.04308711e-32j]
 [-1.80990281e-16-1.96126790e-34j  9.06431330e-01+0.00000000e+00j
  -1.70156228e-03+2.91222731e-01j -3.05226903e-19+5.22396467e-17j]
 [ 3.39756830e-19+5.81494508e-17j -1.70156228e-03-2.91222731e-01j
   9.35686702e-02+0.00000000e+00j  1.67843845e-17+0.00000000e+00j]
 [ 6.09457124e-35+1.04308711e-32j -3.05226903e-19-5.22396467e-17j
   1.67843845e-17+0.00000000e+00j  3.01078941e-33+0.00000000e+00j]]"
5,E0,45.0,36.0,C1,35.89533274930894,38.10810272959665,44.92305017870549,0.49907236822478507,0.9991389653074313,16,"[[0.00000000e+00+0.j         0.00000000e+00+0.j
  0.00000000e+00+0.j         0.00000000e+00+0.j        ]
 [0.00000000e+00+0.j         9.04508497e-01+0.j
  6.93889390e-17+0.29389263j 0.00000000e+00+0.j        ]
 [0.00000000e+00+0.j         6.93889390e-17-0.29389263j
  9.54915028e-02+0.j         0.00000000e+00+0.j        ]
 [0.00000000e+00+0.j         0.00000000e+00+0.j
  0.00000000e+00+0.j         0.00000000e+00+0.j        ]]","[[ 1.88656519e-04+0.00000000e+00j  7.98528238e-03-1.04500533e-02j
   3.25072200e-03+2.25436596e-03j -5.40072781e-05+1.74168040e-05j]
 [ 7.98528238e-03+1.04500533e-02j  9.16842678e-01+0.00000000e+00j
   1.27198823e-02+2.75484606e-01j -3.25072200e-03-2.25436596e-03j]
 [ 3.25072200e-03-2.25436596e-03j  1.27198823e-02-2.75484606e-01j
   8.29515962e-02+0.00000000e+00j -7.22470644e-04+9.45471475e-04j]
 [-5.40072781e-05-1.74168040e-05j -3.25072200e-03+2.25436596e-03j
  -7.22470644e-04-9.45471475e-04j  1.70687510e-05+0.00000000e+00j]]"
6,E0,45.0,54.0,C0,29.99386625322187,32.59712114540248,45.0,,0.9993436933522936,31,"[[0.00000000e+00+0.j        0.00000000e+00+0.j
  0.00000000e+00+0.j        0.00000000e+00+0.j       ]
 [0.00000000e+00+0.j        7.93892626e-01+0.j
  1.38777878e-16+0.4045085j 0.00000000e+00+0.j       ]
 [0.00000000e+00+0.j        1.38777878e-16-0.4045085j
  2.06107374e-01+0.j        0.00000000e+00+0.j       ]
 [0.00000000e+00+0.j        0.00000000e+00+0.j
  0.00000000e+00+0.j        0.00000000e+00+0.j       ]]","[[ 3.11733697e-32+0.00000000e+00j -1.56121747e-16+0.00000000e+00j
  -4.23353300e-18-8.23495416e-17j -7.59412796e-34-1.47718928e-32j]
 [-1.56121747e-16+0.00000000e+00j  7.81885312e-01+0.00000000e+00j
   2.12022818e-02+4.12421064e-01j  3.80327355e-18+7.39802509e-17j]
 [-4.23353300e-18+8.23495416e-17j  2.12022818e-02-4.12421064e-01j
   2.18114688e-01+0.00000000e+00j  3.91254976e-17+0.00000000e+00j]
 [-7.59412796e-34+1.47718928e-32j  3.80327355e-18-7.39802509e-17j
   3.91254976e-17+0.00000000e+00j  7.01834698e-33+0.00000000e+00j]]"
7,E0,45.0,54.0,C1,30.33565566159488,38.256222071911736,44.884358852907795,0.057681983196465336,0.9999301219159399,43,"[[0.00000000e+00+0.j        0.00000000e+00+0.j
  0.00000000e+00+0.j        0.00000000e+00+0.j       ]
 [0.00000000e+00+0.j        7.93892626e-01+0.j
  1.38777878e-16+0.4045085j 0.00000000e+00+0.j       ]
 [0.00000000e+00+0.j        1.38777878e-16-0.4045085j
  2.06107374e-01+0.j        0.00000000e+00+0.j       ]
 [0.00000000e+00+0.j        0.00000000e+00+0.j
  0.00000000e+00+0.j        0.00000000e+00+0.j       ]]","[[ 2.09263559e-05+0.00000000e+00j  7.96490882e-04-3.99024723e-03j
   2.05539892e-03+3.80351179e-04j -3.98747445e-06+9.98334686e-06j]
 [ 7.96490882e-04+3.99024723e-03j  7.91177918e-01+0.00000000e+00j
   5.70626137e-03+4.06401197e-01j -2.05539892e-03-3.80351179e-04j]
 [ 2.05539892e-03-3.80351179e-04j  5.70626137e-03-4.06401197e-01j
   2.08795633e-01+0.00000000e+00j -2.10197750e-04+1.05304531e-03j]
 [-3.98747445e-06-9.98334686e-06j -2.05539892e-03+3.80351179e-04j
  -2.10197750e-04-1.05304531e-03j  5.52256531e-06+0.00000000e+00j]]"
8,E0,45.0,72.0,C0,26.353505137451158,32.91656908476468,44.71253931908844,,0.9992192234309573,37,"[[0.00000000e+00+0.j         0.00000000e+00+0.j
  0.00000000e+00+0.j         0.00000000e+00+0.j        ]
 [0.00000000e+00+0.j         6.54508497e-01+0.j
  8.32667268e-17+0.47552826j 0.00000000e+00+0.j        ]
 [0.00000000e+00+0.j         8.32667268e-17-0.47552826j
  3.45491503e-01+0.j         0.00000000e+00+0.j        ]
 [0.00000000e+00+0.j         0.00000000e+00+0.j
  0.00000000e+00+0.j         0.00000000e+00+0.j        ]]","[[ 6.78027575e-05+0.00000000e+00j -6.75689184e-03-2.88408614e-20j
   1.66444764e-04-4.70240786e-03j  1.67020788e-06-4.71868171e-05j]
 [-6.75689184e-03+2.88408614e-20j  6.73358858e-01+0.00000000e+00j
  -1.65870728e-02+4.68619013e-01j -1.66444764e-04+4.70240786e-03j]
 [ 1.66444764e-04+4.70240786e-03j -1.65870728e-02-4.68619013e-01j
   3.26540459e-01+0.00000000e+00j  3.27670533e-03+0.00000000e+00j]
 [ 1.67020788e-06+4.71868171e-05j -1.66444764e-04-4.70240786e-03j
   3.27670533e-03+0.00000000e+00j  3.28804519e-05+0.00000000e+00j]]"
9,E0,45.0,72.0,C1,25.35557194577194,38.2114679288082,44.99999863350401,0.7582062610037811,0.9993315890779682,48,"[[0.00000000e+00+0.j         0.00000000e+00+0.j
  0.00000000e+00+0.j         0.00000000e+00+0.j        ]
 [0.00000000e+00+0.j         6.54508497e-01+0.j
  8.32667268e-17+0.47552826j 0.00000000e+00+0.j        ]
 [0.00000000e+00+0.j         8.32667268e-17-0.47552826j
  3.45491503e-01+0.j         0.00000000e+00+0.j        ]
 [0.00000000e+00+0.j         0.00000000e+00+0.j
  0.00000000e+00+0.j         0.00000000e+00+0.j        ]]","[[ 2.24508377e-04+0.00000000e+00j  8.48076120e-03-8.48376292e-03j
   6.49253118e-03+6.19509964e-03j -1.67907303e-04+3.96591638e-06j]
 [ 8.48076120e-03+8.48376292e-03j  6.40945098e-01+0.00000000e+00j
   1.11525903e-02+4.79359645e-01j -6.49253118e-03-6.19509964e-03j]
 [ 6.49253118e-03-6.19509964e-03j  1.11525903e-02-4.79359645e-01j
   3.58704747e-01+0.00000000e+00j -4.74625566e-03+4.74793558e-03j]
 [-1.67907303e-04-3.96591638e-06j -6.49253118e-03+6.19509964e-03j
  -4.74625566e-03-4.74793558e-03j  1.25646051e-04+0.00000000e+00j]]"
10,E0,45.0,90.0,C0,20.765759133476752,32.763298596034836,45.0,,0.9997363386342427,51,"[[0.00000000e+00+0.j  0.00000000e+00+0.j  0.00000000e+00+0.j
  0.00000000e+00+0.j ]
 [0.00000000e+00+0.j  5.00000000e-01+0.j  8.32667268e-17+0.5j
  0.00000000e+00+0.j ]
 [0.00000000e+00+0.j  8.32667268e-17-0.5j 5.00000000e-01+0.j
  0.00000000e+00+0.j ]
 [0.00000000e+00+0.j  0.00000000e+00+0.j  0.00000000e+00+0.j
  0.00000000e+00+0.j ]]","[[ 1.93002786e-32+0.00000000e+00j -9.66592074e-17-1.06038717e-34j
  -6.43104849e-19-9.97840799e-17j -1.15360398e-34-1.78993071e-32j]
 [-9.66592074e-17+1.06038717e-34j  4.84086401e-01+0.00000000e+00j
   3.22078279e-03+4.99736314e-01j  5.77745270e-19+8.96428945e-17j]
 [-6.43104849e-19+9.97840799e-17j  3.22078279e-03-4.99736314e-01j
   5.15913599e-01+0.00000000e+00j  9.25447822e-17+0.00000000e+00j]
 [-1.15360398e-34+1.78993071e-32j  5.77745270e-19-8.96428945e-17j
   9.25447822e-17+0.00000000e+00j  1.66007190e-32+0.00000000e+00j]]"
11,E0,45.0,90.0,C1,21.895828303496216,38.299,45.0,,0.9994338226470051,3,"[[0.00000000e+00+0.j  0.00000000e+00+0.j  0.00000000e+00+0.j
  0.00000000e+00+0.j ]
 [0.00000000e+00+0.j  5.00000000e-01+0.j  8.32667268e-17+0.5j
  0.00000000e+00+0.j ]
 [0.00000000e+00+0.j  8.32667268e-17-0.5j 5.00000000e-01+0.j
  0.00000000e+00+0.j ]
 [0.00000000e+00+0.j  0.00000000e+00+0.j  0.00000000e+00+0.j
  0.00000000e+00+0.j ]]","[[ 2.08777548e-32+0.00000000e+00j -2.69546432e-32-1.04559487e-16j
   9.97236796e-17-5.06092450e-19j  9.07830606e-35+1.78884724e-32j]
 [-2.69546432e-32+1.04559487e-16j  5.23652398e-01+0.00000000e+00j
   2.53460047e-03+4.99433819e-01j -8.95886328e-17+4.54657619e-19j]
 [ 9.97236796e-17+5.06092450e-19j  2.53460047e-03-4.99433819e-01j
   4.76347602e-01+0.00000000e+00j  1.34773216e-32+8.54474181e-17j]
 [ 9.07830606e-35-1.78884724e-32j -8.95886328e-17-4.54657619e-19j
   1.34773216e-32-8.54474181e-17j  1.53275911e-32+0.00000000e+00j]]"
12,E1,0.0,59.99999999999999,C0,20.789575170860807,32.85218230854364,44.79924254753665,,0.9996446933186476,19,"[[0. +0.j  0. +0.j  0. +0.j  0. +0.j ]
 [0. +0.j  0.5+0.j  0. +0.5j 0. +0.j ]
 [0. +0.j  0. -0.5j 0.5+0.j  0. +0.j ]
 [0. +0.j  0. +0.j  0. +0.j  0. +0.j ]]","[[ 2.38135276e-05+0.00000000e+00j -3.39811119e-03-1.49213994e-20j
   6.22099293e-05-3.50161797e-03j  4.35959210e-07-2.45388899e-05j]
 [-3.39811119e-03+1.49213994e-20j  4.84899165e-01+0.00000000e+00j
  -8.87715002e-03+4.99669239e-01j -6.22099293e-05+3.50161797e-03j]
 [ 6.22099293e-05+3.50161797e-03j -8.87715002e-03-4.99669239e-01j
   5.15051727e-01+0.00000000e+00j  3.60941647e-03+0.00000000e+00j]
 [ 4.35959210e-07+2.45388899e-05j -6.22099293e-05-3.50161797e-03j
   3.60941647e-03+0.00000000e+00j  2.52943279e-05+0.00000000e+00j]]"
13,E1,0.0,59.99999999999999,C1,21.287574433067576,38.299,45.0,,0.9999878505453754,78,"[[0. +0.j  0. +0.j  0. +0.j  0. +0.j ]
 [0. +0.j  0.5+0.j  0. +0.5j 0. +0.j ]
 [0. +0.j  0. -0.5j 0.5+0.j  0. +0.j ]
 [0. +0.j  0. +0.j  0. +0.j  0. +0.j ]]","[[ 2.00301777e-32+0.00000000e+00j -1.35287058e-32-1.00314671e-16j
   9.98343013e-17-5.06653849e-19j  9.08837646e-35+1.79083158e-32j]
 [-1.35287058e-32+1.00314671e-16j  5.02393611e-01+0.00000000e+00j
   2.53741206e-03+4.99987832e-01j -8.96880118e-17+4.55161962e-19j]
 [ 9.98343013e-17+5.06653849e-19j  2.53741206e-03-4.99987832e-01j
   4.97606389e-01+0.00000000e+00j  2.02930587e-32+8.92608277e-17j]
 [ 9.08837646e-35-1.79083158e-32j -8.96880118e-17-4.55161962e-19j
   2.02930587e-32-8.92608277e-17j  1.60116420e-32+0.00000000e+00j]]"
14,E1,9.0,59.99999999999999,C0,21.26250674837464,32.78857437317806,45.0,,0.9755259756484729,1000,"[[ 0.01223587+0.j          0.03862712+0.06690414j -0.06690414+0.03862712j
   0.        +0.01223587j]
 [ 0.03862712-0.06690414j  0.48776413+0.j          0.        +0.48776413j
   0.06690414+0.03862712j]
 [-0.06690414-0.03862712j  0.        -0.48776413j  0.48776413+0.j
   0.03862712-0.06690414j]
 [ 0.        -0.01223587j  0.06690414-0.03862712j  0.03862712+0.06690414j
   0.01223587+0.j        ]]","[[ 1.99951634e-32+0.00000000e+00j -1.00139314e-16+6.60684985e-36j
   4.25736946e-20-9.98362633e-17j  7.63688591e-36-1.79086677e-32j]
 [-1.00139314e-16-6.60684985e-36j  5.01515388e-01+0.00000000e+00j
  -2.13216590e-04+4.99997658e-01j -3.82468749e-20+8.96897744e-17j]
 [ 4.25736946e-20+9.98362633e-17j -2.13216590e-04-4.99997658e-01j
   4.98484612e-01+0.00000000e+00j  8.94183637e-17+0.00000000e+00j]
 [ 7.63688591e-36+1.79086677e-32j -3.82468749e-20-8.96897744e-17j
   8.94183637e-17+0.00000000e+00j  1.60399009e-32+0.00000000e+00j]]"
15,E1,9.0,59.99999999999999,C1,21.947472308119714,25.980410347125968,40.903609002101526,89.2194984144272,0.9930562084907051,1000,"[[ 0.01223587+0.j          0.03862712+0.06690414j -0.06690414+0.03862712j
   0.        +0.01223587j]
 [ 0.03862712-0.06690414j  0.48776413+0.j          0.        +0.48776413j
   0.06690414+0.03862712j]
 [-0.06690414-0.03862712j  0.        -0.48776413j  0.48776413+0.j
   0.03862712-0.06690414j]
 [ 0.        -0.01223587j  0.06690414-0.03862712j  0.03862712+0.06690414j
   0.01223587+0.j        ]]","[[ 0.00883941+0.j         -0.00691877+0.06722115j -0.06394834-0.0058963j
  -0.00162365+0.00824193j]
 [-0.00691877-0.06722115j  0.51661282+0.j          0.00521387+0.49092374j
   0.06394834+0.0058963j ]
 [-0.06394834+0.0058963j   0.00521387-0.49092374j  0.4665647 +0.j
   0.00624849-0.06070894j]
 [-0.00162365-0.00824193j  0.06394834-0.0058963j   0.00624849+0.06070894j
   0.00798307+0.j        ]]"
16,E1,18.0,59.99999999999999,C0,21.179233637417163,32.77709076497376,44.99183415576312,,0.9045053274817177,1000,"[[ 0.04774575+0.j          0.07347316+0.12725924j -0.12725924+0.07347316j
   0.        +0.04774575j]
 [ 0.07347316-0.12725924j  0.45225425+0.j          0.        +0.45225425j
   0.12725924+0.07347316j]
 [-0.12725924-0.07347316j  0.        -0.45225425j  0.45225425+0.j
   0.07347316-0.12725924j]
 [ 0.        -0.04774575j  0.12725924-0.07347316j  0.07347316+0.12725924j
   0.04774575+0.j        ]]","[[ 4.05104012e-08+0.00000000e+00j -1.42120942e-04+0.00000000e+00j
  -3.84334694e-07-1.42519781e-04j -1.09551432e-10-4.06240870e-08j]
 [-1.42120942e-04+0.00000000e+00j  4.98596943e-01+0.00000000e+00j
   1.34834530e-03+4.99996173e-01j  3.84334694e-07+1.42519781e-04j]
 [-3.84334694e-07+1.42519781e-04j  1.34834530e-03-4.99996173e-01j
   5.01402976e-01+0.00000000e+00j  1.42920779e-04+0.00000000e+00j]
 [-1.09551432e-10+4.06240870e-08j  3.84334694e-07-1.42519781e-04j
   1.42920779e-04+0.00000000e+00j  4.07383880e-08+0.00000000e+00j]]"
17,E1,18.0,59.99999999999999,C1,21.606089765588358,25.836134453018165,36.584257472063534,88.13468202110107,0.9764708584059818,1000,"[[ 0.04774575+0.j          0.07347316+0.12725924j -0.12725924+0.07347316j
   0.        +0.04774575j]
 [ 0.07347316-0.12725924j  0.45225425+0.j          0.        +0.45225425j
   0.12725924+0.07347316j]
 [-0.12725924-0.07347316j  0.        -0.45225425j  0.45225425+0.j
   0.07347316-0.12725924j]
 [ 0.        -0.04774575j  0.12725924-0.07347316j  0.07347316+0.12725924j
   0.04774575+0.j        ]]","[[ 0.03472065+0.j         -0.01447848+0.12812203j -0.12503536-0.01069779j
  -0.00664332+0.03313344j]
 [-0.01447848-0.12812203j  0.47881831+0.j          0.01266393+0.46585169j
   0.12503536+0.01069779j]
 [-0.12503536+0.01069779j  0.01266393-0.46585169j  0.45357115+0.j
   0.01371506-0.12136641j]
 [-0.00664332-0.03313344j  0.12503536-0.01069779j  0.01371506+0.12136641j
   0.0328899 +0.j        ]]"
18,E1,27.0,59.99999999999999,C0,21.277910932820255,32.765947156461856,45.0,,0.7938827765003593,1000,"[[ 0.10305369+0.j          0.10112712+0.17515732j -0.17515732+0.10112712j
   0.        +0.10305369j]
 [ 0.10112712-0.17515732j  0.39694631+0.j          0.        +0.39694631j
   0.17515732+0.10112712j]
 [-0.17515732-0.10112712j  0.        -0.39694631j  0.39694631+0.j
   0.10112712-0.17515732j]
 [ 0.        -0.10305369j  0.17515732-0.10112712j  0.10112712+0.17515732j
   0.10305369+0.j        ]]","[[ 2.00166805e-32+0.00000000e+00j -1.00247075e-16+0.00000000e+00j
  -5.71591163e-19-9.98342513e-17j -1.02532245e-34-1.79083068e-32j]
 [-1.00247075e-16+0.00000000e+00j  5.02055076e-01+0.00000000e+00j
   2.86262960e-03+4.99987582e-01j  5.13499612e-19+8.96879669e-17j]
 [-5.71591163e-19+9.98342513e-17j  2.86262960e-03-4.99987582e-01j
   4.97944924e-01+0.00000000e+00j  8.93215542e-17+0.00000000e+00j]
 [-1.02532245e-34+1.79083068e-32j  5.13499612e-19-8.96879669e-17j
   8.93215542e-17+0.00000000e+00j  1.60225351e-32+0.00000000e+00j]]"
19,E1,27.0,59.99999999999999,C1,21.80998273600346,25.94959526758815,32.22525697181852,89.94069455286005,0.9566994442873641,1000,"[[ 0.10305369+0.j          0.10112712+0.17515732j -0.17515732+0.10112712j
   0.        +0.10305369j]
 [ 0.10112712-0.17515732j  0.39694631+0.j          0.        +0.39694631j
   0.17515732+0.10112712j]
 [-0.17515732-0.10112712j  0.        -0.39694631j  0.39694631+0.j
   0.10112712-0.17515732j]
 [ 0.        -0.10305369j  0.17515732-0.10112712j  0.10112712+0.17515732j
   0.10305369+0.j        ]]","[[ 9.64297890e-02+0.j         -3.39297220e-04+0.20225772j
  -1.94035516e-01+0.00349367j  1.51047366e-03+0.09251225j]
 [-3.39297220e-04-0.20225772j  4.24228868e-01+0.j
   8.01057391e-03+0.40696963j  1.94035516e-01-0.00349367j]
 [-1.94035516e-01-0.00349367j  8.01057391e-03-0.40696963j
   3.90563823e-01+0.j          3.12371999e-04-0.18620739j]
 [ 1.51047366e-03-0.09251225j  1.94035516e-01+0.00349367j
   3.12371999e-04+0.18620739j  8.87775206e-02+0.j        ]]"
20,E1,36.0,59.99999999999999,C0,21.376795167064795,32.76626976850311,44.93117532226567,,0.6544788656256264,1000,"[[ 0.17274575+0.j          0.11888206+0.20590978j -0.20590978+0.11888206j
   0.        +0.17274575j]
 [ 0.11888206-0.20590978j  0.32725425+0.j          0.        +0.32725425j
   0.20590978+0.11888206j]
 [-0.20590978-0.11888206j  0.        -0.32725425j  0.32725425+0.j
   0.11888206-0.20590978j]
 [ 0.        -0.17274575j  0.20590978-0.11888206j  0.11888206+0.20590978j
   0.17274575+0.j        ]]","[[ 2.91768931e-06+0.00000000e+00j -1.21446963e-03+0.00000000e+00j
  -6.77161226e-06-1.20112037e-03j -1.62683860e-08-2.88561852e-06j]
 [-1.21446963e-03+0.00000000e+00j  5.05515263e-01+0.00000000e+00j
   2.81864056e-03+4.99958718e-01j  6.77161226e-06+1.20112037e-03j]
 [-6.77161226e-06+1.20112037e-03j  2.81864056e-03-4.99958718e-01j
   4.94478965e-01+0.00000000e+00j  1.18795559e-03+0.00000000e+00j]
 [-1.62683860e-08+2.88561852e-06j  6.77161226e-06-1.20112037e-03j
   1.18795559e-03+0.00000000e+00j  2.85399096e-06+0.00000000e+00j]]"
21,E1,36.0,59.99999999999999,C1,21.343273808647584,25.918298528086872,27.70006164866628,89.13565433697904,0.9395332093476016,1000,"[[ 0.17274575+0.j          0.11888206+0.20590978j -0.20590978+0.11888206j
   0.        +0.17274575j]
 [ 0.11888206-0.20590978j  0.32725425+0.j          0.        +0.32725425j
   0.20590978+0.11888206j]
 [-0.20590978-0.11888206j  0.        -0.32725425j  0.32725425+0.j
   0.11888206-0.20590978j]
 [ 0.        -0.17274575j  0.20590978-0.11888206j  0.11888206+0.20590978j
   0.17274575+0.j        ]]","[[ 0.15559641+0.j         -0.00291471+0.23292799j -0.23092754-0.00124528j
  -0.00276173+0.15422555j]
 [-0.00291471-0.23292799j  0.34874805+0.j          0.00246166+0.34572209j
   0.23092754+0.00124528j]
 [-0.23092754+0.00124528j  0.00246166-0.34572209j  0.34273976+0.j
   0.00286449-0.22891507j]
 [-0.00276173-0.15422555j  0.23092754-0.00124528j  0.00286449+0.22891507j
   0.15291577+0.j        ]]"
22,E1,45.0,59.99999999999999,C0,21.047503434942904,32.715184085625154,44.668684365799685,,0.49999994459917724,1000,"[[ 0.25      +0.j          0.125     +0.21650635j -0.21650635+0.125j
   0.        +0.25j      ]
 [ 0.125     -0.21650635j  0.25      +0.j          0.        +0.25j
   0.21650635+0.125j     ]
 [-0.21650635-0.125j       0.        -0.25j        0.25      +0.j
   0.125     -0.21650635j]
 [ 0.        -0.25j        0.21650635-0.125j       0.125     +0.21650635j
   0.25      +0.j        ]]","[[ 6.60672576e-05+0.00000000e+00j -5.71238702e-03+0.00000000e+00j
  -1.12713822e-04-5.78051482e-03j -1.30360444e-06-6.68551973e-05j]
 [-5.71238702e-03+0.00000000e+00j  4.93911305e-01+0.00000000e+00j
   9.74559857e-03+4.99801853e-01j  1.12713822e-04+5.78051482e-03j]
 [-1.12713822e-04+5.78051482e-03j  9.74559857e-03-4.99801853e-01j
   5.05954949e-01+0.00000000e+00j  5.85167914e-03+0.00000000e+00j]
 [-1.30360444e-06+6.68551973e-05j  1.12713822e-04-5.78051482e-03j
   5.85167914e-03+0.00000000e+00j  6.76782563e-05+0.00000000e+00j]]"
23,E1,45.0,59.99999999999999,C1,21.17239240664105,23.226937954529514,14.07503550161124,73.14630902119197,0.9330067145025097,1000,"[[ 0.25      +0.j          0.125     +0.21650635j -0.21650635+0.125j
   0.        +0.25j      ]
 [ 0.125     -0.21650635j  0.25      +0.j          0.        +0.25j
   0.21650635+0.125j     ]
 [-0.21650635-0.125j       0.        -0.25j        0.25      +0.j
   0.125     -0.21650635j]
 [ 0.        -0.25j        0.21650635-0.125j       0.125     +0.21650635j
   0.25      +0.j        ]]","[[ 2.49151358e-01+0.j         -1.81589152e-05+0.24917858j
  -2.49996761e-01-0.0009716j  -9.89713805e-04+0.24996938j]
 [-1.81589152e-05-0.24917858j  2.49205799e-01+0.j
  -9.53489002e-04+0.25002414j  2.49996761e-01+0.0009716j ]
 [-2.49996761e-01+0.0009716j  -9.53489002e-04-0.25002414j
   2.50848821e-01+0.j          1.82786375e-05-0.25082142j]
 [-9.89713805e-04-0.24996938j  2.49996761e-01-0.0009716j
   1.82786375e-05+0.25082142j  2.50794021e-01+0.j        ]]"
